{
  "project_info": {
    "project_number": "561853786631",
    "project_id": "otp-read-854a7",
    "storage_bucket": "otp-read-854a7.appspot.com"
  },
  "client": [
    {
      "client_info": {
        "mobilesdk_app_id": "1:561853786631:android:cede37759cbb3b9ee518a2",
        "android_client_info": {
          "package_name": "com.pock.poc_otp_auto_read"
        }
      },
      "oauth_client": [],
      "api_key": [
        {
          "current_key": "AIzaSyBVfUY_Db5Orel7z9u-RVkexFYrPIPPfFo"
        }
      ],
      "services": {
        "appinvite_service": {
          "other_platform_oauth_client": []
        }
      }
    }
  ],
  "configuration_version": "1"
}